{"loss": [6.883308410644531, 0.9655188918113708, 0.8968635201454163, 0.7727606296539307, 0.6848534941673279, 0.5740901827812195, 0.4364745020866394, 0.3860514760017395, 0.26942506432533264, 0.256470263004303], "accuracy": [0.42009133100509644, 0.5251141786575317, 0.621004581451416, 0.6666666865348816, 0.7123287916183472, 0.7579908967018127, 0.8264840245246887, 0.8630136847496033, 0.9041095972061157, 0.9086757898330688], "val_loss": [1.0182968378067017, 0.9415333867073059, 0.8144925832748413, 0.6827379465103149, 0.6217817068099976, 0.4551374614238739, 0.47088244557380676, 0.32053759694099426, 0.23209936916828156, 0.10953342169523239], "val_accuracy": [0.34246575832366943, 0.6347032189369202, 0.7077625393867493, 0.7123287916183472, 0.7442922592163086, 0.8219178318977356, 0.853881299495697, 0.9178082346916199, 0.9634703397750854, 0.9771689772605896]}